{
  "author": "汪曾祺",
  "average_sentiment": 0.5301712955299918,
  "total_paragraphs": 1000,
  "sentiment_distribution": {
    "positive": 410,
    "negative": 322,
    "neutral": 268
  },
  "sentiment_scores": [
    0.7822046284519824,
    0.78636810514088,
    0.9516875958434221,
    0.9054740352543973,
    0.05978423402890687,
    0.18752388410952991,
    0.24700503441258126,
    0.014760726765403076,
    0.08413685592703113,
    0.8422535576448037,
    0.951812250873343,
    0.9254100934989887,
    0.5225225225225225,
    0.5262327818078083,
    0.5225225225225225,
    0.5262327818078083,
    0.518716577540107,
    0.5262327818078083,
    0.4737672181921908,
    0.5262327818078083,
    0.9814234941189556,
    0.2889025008963242,
    0.8171765018628676,
    0.5262655706209219,
    0.9999049362101929,
    0.9470861121011731,
    0.7978516705080765,
    0.9963870419292576,
    0.1383257820234557,
    0.07997218610975709,
    0.351378608084013,
    0.6859617173931191,
    0.7906900028215497,
    0.6634825288955037,
    0.9662302355393741,
    0.7980383742950856,
    0.11495898547647643,
    0.7025535593199609,
    0.9883069838036259,
    0.007592745005380874,
    0.9859942213126163,
    0.39959834231527125,
    0.5614189512553968,
    0.987781070326845,
    0.5262327818078083,
    0.890142453148024,
    0.43723641175777517,
    0.7230912891481257,
    0.08496633753091731,
    0.9424833162565583,
    0.5438237829445114,
    0.10642494130178548,
    0.6013699432623002,
    0.32949643811618123,
    0.5557824728163568,
    0.25726443642065344,
    0.4876640258046967,
    0.467463001808641,
    0.23010988071456429,
    0.653848217987502,
    0.2129199881657563,
    0.8498744403097522,
    0.954461435588463,
    0.9973806214053755,
    0.4737672181921917,
    0.1744043682177553,
    0.19780810784996483,
    0.9347400868432856,
    0.1705413166682187,
    0.679768297096787,
    0.37016146250902227,
    0.8718897436828851,
    0.5292786713679557,
    0.7480653973592793,
    0.9731227111566023,
    0.037008841470611786,
    0.9457122353119048,
    0.8564621074000353,
    0.6649359852508161,
    0.42153893520933505,
    0.0152435215327682,
    0.05555857809515552,
    0.23713514481622933,
    0.9813402554709122,
    0.11826082162932239,
    0.3022065245274057,
    0.9390751122563035,
    0.5698170345409106,
    0.0865037324957324,
    0.4439439727152297,
    0.23528104038306685,
    0.07703998550194913,
    0.5334299618863901,
    0.36778817525518237,
    0.00344581073456518,
    0.6236883563816206,
    0.5262327818078083,
    0.8648494839965243,
    0.9078308987652562,
    0.9348929478153863
  ]
}