{
  "author": "老舍",
  "average_sentiment": 0.5556643580507846,
  "total_paragraphs": 1000,
  "sentiment_distribution": {
    "positive": 478,
    "negative": 316,
    "neutral": 206
  },
  "sentiment_scores": [
    0.5933258601462934,
    0.8447364111089078,
    0.6532039931977186,
    0.8630530555797126,
    0.518350608130553,
    0.4848390520561261,
    0.8522948398270447,
    0.9973552623454195,
    0.23847992109326377,
    0.9506534301904634,
    0.9612467459699963,
    0.6674759053673567,
    0.6630855072534496,
    0.9068927536875939,
    0.6674759053673567,
    0.2519076449304588,
    0.6231859114795673,
    0.9345797083103954,
    0.6674759053673567,
    0.9555139799731615,
    0.6947851228986489,
    0.5255209173341028,
    0.6674759053673567,
    0.9210879725032849,
    0.14649396121374592,
    0.6495273887798574,
    0.4214617257428984,
    0.31337747212264555,
    0.6839235091056345,
    0.6674759053673567,
    0.5265847131000447,
    0.9015349174989039,
    0.6674759053673567,
    0.6546757091578692,
    0.6839235091056345,
    0.5966219184812913,
    0.8794433566334721,
    0.7803330248456434,
    0.5966219184812913,
    0.06773987146785365,
    0.7957566833986776,
    0.7997918680636315,
    0.8077497132848138,
    0.5862674832818632,
    0.758881163882444,
    0.5966219184812913,
    0.3840215222543464,
    0.9195114765900125,
    0.6674759053673567,
    0.8190937736463892,
    0.9505636420652143,
    0.6503821442165577,
    0.9372648608636583,
    0.7338698068753,
    0.5966219184812913,
    0.7265596143667774,
    0.6861132004505417,
    0.6503821442165577,
    0.5343101440497136,
    0.946040869351743,
    0.4214617257428984,
    0.36007671526828366,
    0.6342504923069788,
    0.4214617257428984,
    0.8889137035850434,
    0.6399104690082319,
    0.9653298206985849,
    0.7684596394480037,
    0.49768910022520496,
    0.9184401158832307,
    0.5966219184812913,
    0.3458991582830111,
    0.8779954072327765,
    0.6839235091056345,
    0.4214617257428984,
    0.6839235091056345,
    0.5966219184812913,
    0.6272757602164066,
    0.4251327039650198,
    0.7550457587272982,
    0.6839235091056345,
    0.6674759053673567,
    0.5,
    0.8541304855385708,
    0.6674759053673567,
    0.5,
    0.4737672181921908,
    0.6607939379265169,
    0.5966219184812913,
    0.006848813846924151,
    0.6839235091056345,
    0.6674759053673567,
    0.907616146688031,
    0.8417591646715004,
    0.8431595610313293,
    0.9284235494804075,
    0.5966219184812913,
    0.5801583390643935,
    0.9782815108788752,
    0.5966219184812913
  ]
}